id,attackObjectId,isRanged,targetSideType,targetMin,targetMax,targetDetailType,actionVfxId,actionSfxId,damageVfxId,damageSfxId,cameraShakeId,damageParticlePointId,effectAreaMin,effectAreaMax,statusEffectType,abilityEffectValue,stringValues
AblEff_E_CaterpillarsMochi_01_Attack_0,-99999,FALSE,Enemy,0,0,Closest1,-99999,-99999,VFX_Hit_Air_Light_0,SFX_Hit_Air_Light_PunchSomeCrackAndThud_F56yM_02,-99999,Default,0,0,[Damage;None;None;None;None],[1;0;0;0;0],[-99999;-99999;-99999;-99999;-99999]
AblEff_E_CaterpillarsMochi_02_Attack_0,-99999,FALSE,Enemy,0,0,Closest1,-99999,-99999,VFX_Hit_Air_Light_0,SFX_Hit_Air_Light_PunchSomeCrackAndThud_F56yM_02,-99999,Default,0,0,[Damage;None;None;None;None],[1;0;0;0;0],[-99999;-99999;-99999;-99999;-99999]
AblEff_E_CaterpillarsMochi_Boss_01_Attack_0,-99999,FALSE,Enemy,0,0,Closest1,-99999,-99999,VFX_Hit_Air_Medium_0,SFX_Hit_Air_Medium_SharpBodyHit_UQc1P_03,-99999,Default,0,0,[Damage;None;None;None;None],[1;0;0;0;0],[-99999;-99999;-99999;-99999;-99999]
AblEff_E_CaterpillarsMochi_Boss_01_Skill1_0,-99999,FALSE,Ally,0,2,All,-99999,-99999,-99999,-99999,Shake_Medium,Default,0,0,[Summon;None;None;None;None],[1;0;0;0;0],[E_CaterpillarsMochi_01;E_CaterpillarsMochi_01;E_CaterpillarsMochi_01;-99999;-99999]
AblEff_E_CrabCoconut_01_Attack_0,-99999,FALSE,Enemy,0,0,Closest1,-99999,-99999,VFX_Hit_Air_Medium_0,SFX_Hit_Air_Medium_SharpBodyHit_UQc1P_03,-99999,Default,0,0,[Damage;None;None;None;None],[1;0;0;0;0],[-99999;-99999;-99999;-99999;-99999]
AblEff_E_CrabCoconut_01_Skill_0,-99999,FALSE,Self,0,0,Closest1,-99999,-99999,-99999,-99999,-99999,Default,0,0,[Shield;None;None;None;None],[1;0;0;0;0],[-99999;-99999;-99999;-99999;-99999]
AblEff_E_CrabCoconut_02_Attack_0,-99999,FALSE,Enemy,0,0,Closest1,-99999,-99999,VFX_Hit_Air_Medium_0,SFX_Hit_Air_Medium_SharpBodyHit_UQc1P_03,-99999,Default,0,0,[Damage;None;None;None;None],[1;0;0;0;0],[-99999;-99999;-99999;-99999;-99999]
AblEff_E_CrabCoconut_02_Skill_0,-99999,FALSE,Self,0,0,Closest1,-99999,-99999,-99999,-99999,-99999,Default,0,0,[Shield;None;None;None;None],[1;0;0;0;0],[-99999;-99999;-99999;-99999;-99999]
AblEff_E_FriedRice_01_Attack_0,AO_E_FriedRice_01,TRUE,Enemy,0,0,Closest1,-99999,-99999,VFX_Hit_Air_Medium_0,SFX_Hit_Air_Medium_SharpBodyHit_UQc1P_03,-99999,Default,0,0,[Damage;None;None;None;None],[1;0;0;0;0],[-99999;-99999;-99999;-99999;-99999]
AblEff_E_FriedRice_02_Attack_0,AO_E_FriedRice_02,TRUE,Enemy,0,0,Closest1,-99999,-99999,VFX_Hit_Air_Medium_0,SFX_Hit_Air_Medium_SharpBodyHit_UQc1P_03,-99999,Default,0,0,[Damage;None;None;None;None],[1;0;0;0;0],[-99999;-99999;-99999;-99999;-99999]
AblEff_E_FriedRice_Boss_01_Attack_0,AO_E_FriedRice_Boss_01,TRUE,Enemy,0,0,Closest1,-99999,-99999,VFX_Hit_Air_Medium_0,SFX_Hit_Air_Medium_SharpBodyHit_UQc1P_03,-99999,Default,0,0,[Damage;None;None;None;None],[1;0;0;0;0],[-99999;-99999;-99999;-99999;-99999]
AblEff_E_FriedRice_Boss_01_Attack2_0,-99999,FALSE,Enemy,0,0,Closest1,-99999,-99999,VFX_Hit_Ground_Heavy_0,SFX_Hit_Ground_Heavy_06401_kick_combat_hit,-99999,Ground,0,0,[Damage;None;None;None;None],[1;0;0;0;0],[-99999;-99999;-99999;-99999;-99999]
AblEff_E_TurtleBread_01_Attack_0,-99999,FALSE,Enemy,0,0,Closest1,-99999,-99999,VFX_Hit_Ground_Light_0,SFX_Hit_Ground_Light_PunchSomeCrackAndThud_F56yM_05,-99999,Ground,0,0,[Damage;None;None;None;None],[1;0;0;0;0],[-99999;-99999;-99999;-99999;-99999]
AblEff_E_TurtleBread_01_Attack_1,-99999,FALSE,Enemy,0,0,Closest1,-99999,-99999,VFX_Hit_Ground_Light_0,SFX_Hit_Ground_Light_PunchSomeCrackAndThud_F56yM_05,-99999,Ground,0,0,[BurningOil;None;None;None;None],[1;0;0;0;0],[-99999;-99999;-99999;-99999;-99999]
AblEff_E_TurtleBread_02_Attack_0,-99999,FALSE,Enemy,0,0,Closest1,-99999,-99999,VFX_Hit_Ground_Light_0,SFX_Hit_Ground_Light_PunchSomeCrackAndThud_F56yM_05,-99999,Ground,0,0,[Damage;None;None;None;None],[1;0;0;0;0],[-99999;-99999;-99999;-99999;-99999]
AblEff_E_TurtleBread_02_Attack_1,-99999,FALSE,Enemy,0,0,Closest1,-99999,-99999,VFX_Hit_Ground_Light_0,SFX_Hit_Ground_Light_PunchSomeCrackAndThud_F56yM_05,-99999,Ground,0,0,[BurningOil;None;None;None;None],[1;0;0;0;0],[-99999;-99999;-99999;-99999;-99999]
AblEff_E_TurtleBread_Boss_01_Attack_0,-99999,FALSE,Enemy,0,0,Closest1,-99999,-99999,VFX_Hit_Ground_Medium_0,SFX_Hit_Ground_Medium_PunchSomeCrackAndThud_F56yM_07,-99999,Ground,0,0,[Damage;None;None;None;None],[1;0;0;0;0],[-99999;-99999;-99999;-99999;-99999]
AblEff_E_TurtleBread_Boss_01_Attack_1,-99999,FALSE,Enemy,0,0,Closest1,-99999,-99999,VFX_Hit_Ground_Medium_0,SFX_Hit_Ground_Medium_PunchSomeCrackAndThud_F56yM_07,-99999,Ground,0,0,[BurningOil;None;None;None;None],[1;0;0;0;0],[-99999;-99999;-99999;-99999;-99999]
AblEff_E_TurtleBread_Boss_01_Skill_0,-99999,FALSE,Enemy,0,0,Closest1,-99999,-99999,VFX_Hit_Ground_Heavy_0,SFX_Hit_Ground_Heavy_06401_kick_combat_hit,Shake_Heavy,Ground,0,0,[Damage;None;None;None;None],[3;0;0;0;0],[-99999;-99999;-99999;-99999;-99999]
AblEff_P_BasicAttack_G0_0,-99999,FALSE,Enemy,0,0,Closest1,-99999,-99999,VFX_Hit_Air_Light_0,SFX_Hit_Air_Light_PunchSomeCrackAndThud_F56yM_02,-99999,Default,0,0,[Damage;None;None;None;None],[1;0;0;0;0],[-99999;-99999;-99999;-99999;-99999]
AblEff_P_LeapAttack_G1_0,-99999,FALSE,Enemy,0,0,Closest1,-99999,-99999,VFX_Hit_Ground_Medium_0,SFX_Hit_Ground_Medium_PunchSomeCrackAndThud_F56yM_07,Shake_Light,Ground,0,0,[Damage;None;None;None;None],[4;0;0;0;0],[-99999;-99999;-99999;-99999;-99999]
AblEff_P_LeapAttackWide_G2_0,-99999,FALSE,Enemy,0,0,Closest1,-99999,-99999,VFX_Hit_Ground_Medium_0,SFX_Hit_Ground_Medium_PunchSomeCrackAndThud_F56yM_07,Shake_Light,Ground,0,1,[Damage;None;None;None;None],[4;0;0;0;0],[-99999;-99999;-99999;-99999;-99999]
AblEff_P_LeapAttackWide_G3_0,-99999,FALSE,Enemy,0,0,Closest1,-99999,-99999,VFX_Hit_Ground_Medium_0,SFX_Hit_Ground_Medium_PunchSomeCrackAndThud_F56yM_07,Shake_Light,Ground,0,2,[Damage;None;None;None;None],[4;0;0;0;0],[-99999;-99999;-99999;-99999;-99999]
AblEff_P_LeapAttackChili_G2_0,-99999,FALSE,Enemy,0,0,Closest1,-99999,-99999,VFX_Hit_Ground_Medium_0,SFX_Hit_Ground_Medium_PunchSomeCrackAndThud_F56yM_07,Shake_Light,Ground,0,0,[Damage;None;None;None;None],[4;0;0;0;0],[-99999;-99999;-99999;-99999;-99999]
AblEff_P_LeapAttackChili_G2_1,-99999,FALSE,Self,0,0,Closest1,-99999,-99999,-99999,-99999,-99999,-99999,0,0,[BombChili;None;None;None;None],[2;0;0;0;0],[-99999;-99999;-99999;-99999;-99999]
AblEff_P_LeapAttackChili_G3_0,-99999,FALSE,Enemy,0,0,Closest1,-99999,-99999,VFX_Hit_Ground_Medium_0,SFX_Hit_Ground_Medium_PunchSomeCrackAndThud_F56yM_07,Shake_Light,Ground,0,0,[Damage;None;None;None;None],[4;0;0;0;0],[-99999;-99999;-99999;-99999;-99999]
AblEff_P_LeapAttackChili_G3_1,-99999,FALSE,Self,0,0,Closest1,-99999,-99999,-99999,-99999,-99999,-99999,0,0,[BombChili;None;None;None;None],[3;0;0;0;0],[-99999;-99999;-99999;-99999;-99999]
AblEff_P_LeapAttackBurningOil_G2_0,-99999,FALSE,Enemy,0,0,Closest1,-99999,-99999,VFX_Hit_Ground_Medium_0,SFX_Hit_Ground_Medium_PunchSomeCrackAndThud_F56yM_07,Shake_Light,Ground,0,0,[Damage;BurningOil;None;None;None],[4;2;0;0;0],[-99999;-99999;-99999;-99999;-99999]
AblEff_P_LeapAttackBurningOil_G3_0,-99999,FALSE,Enemy,0,0,Closest1,-99999,-99999,VFX_Hit_Ground_Medium_0,SFX_Hit_Ground_Medium_PunchSomeCrackAndThud_F56yM_07,Shake_Light,Ground,0,0,[Damage;BurningOil;None;None;None],[4;3;0;0;0],[-99999;-99999;-99999;-99999;-99999]
AblEff_P_Swing_G1_0,-99999,FALSE,Enemy,0,0,Closest1,-99999,-99999,VFX_Hit_Air_Medium_0,SFX_Hit_Air_Medium_SharpBodyHit_UQc1P_03,-99999,Default,0,0,[Damage;None;None;None;None],[3;0;0;0;0],[-99999;-99999;-99999;-99999;-99999]
AblEff_P_SwingFreeze_G2_0,-99999,FALSE,Enemy,0,0,Closest1,-99999,-99999,VFX_Hit_Air_Medium_0,SFX_Hit_Air_Medium_SharpBodyHit_UQc1P_03,-99999,Default,0,0,[Freeze;Damage;None;None;None],[1;3;0;0;0],[-99999;-99999;-99999;-99999;-99999]
AblEff_P_SwingFreeze_G3_0,-99999,FALSE,Enemy,0,0,Closest1,-99999,-99999,VFX_Hit_Air_Medium_0,SFX_Hit_Air_Medium_SharpBodyHit_UQc1P_03,-99999,Default,0,0,[Freeze;Damage;None;None;None],[2;3;0;0;0],[-99999;-99999;-99999;-99999;-99999]
AblEff_P_SwingShield_G2_0,-99999,FALSE,Enemy,0,0,Closest1,-99999,-99999,VFX_Hit_Air_Medium_0,SFX_Hit_Air_Medium_SharpBodyHit_UQc1P_03,-99999,Default,0,0,[Damage;None;None;None;None],[3;0;0;0;0],[-99999;-99999;-99999;-99999;-99999]
AblEff_P_SwingShield_G2_1,-99999,FALSE,Self,0,0,Closest1,-99999,-99999,-99999,-99999,-99999,-99999,0,0,[Shield;None;None;None;None],[1;0;0;0;0],[-99999;-99999;-99999;-99999;-99999]
AblEff_P_SwingShield_G3_0,-99999,FALSE,Enemy,0,0,Closest1,-99999,-99999,VFX_Hit_Air_Medium_0,SFX_Hit_Air_Medium_SharpBodyHit_UQc1P_03,-99999,Default,0,0,[Damage;None;None;None;None],[3;0;0;0;0],[-99999;-99999;-99999;-99999;-99999]
AblEff_P_SwingShield_G3_1,-99999,FALSE,Self,0,0,Closest1,-99999,-99999,-99999,-99999,-99999,-99999,0,0,[Shield;None;None;None;None],[2;0;0;0;0],[-99999;-99999;-99999;-99999;-99999]
AblEff_P_PowerSlam_G1_0,-99999,FALSE,Enemy,0,0,Closest1,-99999,-99999,VFX_Hit_Ground_Heavy_0,SFX_Hit_Ground_Heavy_06401_kick_combat_hit,Shake_Heavy,Ground,0,0,[Damage;None;None;None;None],[9;0;0;0;0],[-99999;-99999;-99999;-99999;-99999]
AblEff_P_PowerSlamBurningOil_G2_0,-99999,FALSE,Enemy,0,0,Closest1,-99999,-99999,VFX_Hit_Ground_Heavy_0,SFX_Hit_Ground_Heavy_06401_kick_combat_hit,Shake_Heavy,Ground,0,0,[Damage;BurningOil;None;None;None],[9;3;0;0;0],[-99999;-99999;-99999;-99999;-99999]
AblEff_P_PowerSlamBurningOil_G3_0,-99999,FALSE,Enemy,0,0,Closest1,-99999,-99999,VFX_Hit_Ground_Heavy_0,SFX_Hit_Ground_Heavy_06401_kick_combat_hit,Shake_Heavy,Ground,0,0,[Damage;BurningOil;None;None;None],[12;5;0;0;0],[-99999;-99999;-99999;-99999;-99999]
AblEff_PowerSlamCoconutShield_G2_0,-99999,FALSE,Enemy,0,0,Closest1,-99999,-99999,VFX_Hit_Ground_Heavy_0,SFX_Hit_Ground_Heavy_06401_kick_combat_hit,Shake_Heavy,Ground,0,0,[Damage;None;None;None;None],[9;0;0;0;0],[-99999;-99999;-99999;-99999;-99999]
AblEff_PowerSlamCoconutShield_G2_1,-99999,FALSE,Self,0,0,Closest1,-99999,-99999,-99999,-99999,-99999,-99999,0,0,[Shield;None;None;None;None],[3;0;0;0;0],[-99999;-99999;-99999;-99999;-99999]
AblEff_PowerSlamCoconutShield_G3_0,-99999,FALSE,Enemy,0,0,Closest1,-99999,-99999,VFX_Hit_Ground_Heavy_0,SFX_Hit_Ground_Heavy_06401_kick_combat_hit,Shake_Heavy,Ground,0,0,[Damage;None;None;None;None],[12;0;0;0;0],[-99999;-99999;-99999;-99999;-99999]
AblEff_PowerSlamCoconutShield_G3_1,-99999,FALSE,Self,0,0,Closest1,-99999,-99999,-99999,-99999,-99999,-99999,0,0,[Shield;None;None;None;None],[5;0;0;0;0],[-99999;-99999;-99999;-99999;-99999]
AblEff_PowerSlamWide_G2_0,-99999,FALSE,Enemy,0,0,Closest1,-99999,-99999,VFX_Hit_Ground_Heavy_0,SFX_Hit_Ground_Heavy_06401_kick_combat_hit,Shake_Heavy,Ground,0,1,[Damage;None;None;None;None],[9;0;0;0;0],[-99999;-99999;-99999;-99999;-99999]
AblEff_PowerSlamWide_G3_0,-99999,FALSE,Enemy,0,0,Closest1,-99999,-99999,VFX_Hit_Ground_Heavy_0,SFX_Hit_Ground_Heavy_06401_kick_combat_hit,Shake_Heavy,Ground,0,2,[Damage;None;None;None;None],[9;0;0;0;0],[-99999;-99999;-99999;-99999;-99999]
AblEff_P_TeaForkShoot_G1_0,AO_P_TeaFork,TRUE,Enemy,0,3,Random1,-99999,SFX_Ability_TeaforkShoot_knife_throw_01,VFX_Hit_Air_Light_TeaForkShoot_0,SFX_Hit_TeaForkShoot_Puzzle_Game_Accent_Boing_03,-99999,Default,0,0,[Damage;None;None;None;None],[1.2;0;0;0;0],[-99999;-99999;-99999;-99999;-99999]
AblEff_P_TeaForkShootEnergyDrink_G2_0,AO_P_TeaFork,TRUE,Enemy,0,3,Random1,-99999,SFX_Ability_TeaforkShoot_knife_throw_01,VFX_Hit_Air_Light_TeaForkShoot_0,SFX_Hit_TeaForkShoot_Puzzle_Game_Accent_Boing_03,-99999,Default,0,0,[Damage;None;None;None;None],[1.2;0;0;0;0],[-99999;-99999;-99999;-99999;-99999]
AblEff_P_TeaForkShootEnergyDrink_G2_1,-99999,FALSE,Self,0,0,Closest1,-99999,-99999,-99999,-99999,-99999,-99999,0,0,[EnergyDrink;None;None;None;None],[1;0;0;0;0],[-99999;-99999;-99999;-99999;-99999]
AblEff_P_TeaForkShootEnergyDrink_G3_0,AO_P_TeaFork,TRUE,Enemy,0,3,Random1,-99999,SFX_Ability_TeaforkShoot_knife_throw_01,VFX_Hit_Air_Light_TeaForkShoot_0,SFX_Hit_TeaForkShoot_Puzzle_Game_Accent_Boing_03,-99999,Default,0,0,[Damage;None;None;None;None],[1.2;0;0;0;0],[-99999;-99999;-99999;-99999;-99999]
AblEff_P_TeaForkShootEnergyDrink_G3_1,-99999,FALSE,Self,0,0,Closest1,-99999,-99999,-99999,-99999,-99999,-99999,0,0,[EnergyDrink;None;None;None;None],[2;0;0;0;0],[-99999;-99999;-99999;-99999;-99999]
AblEff_P_TeaForkShootFreeze_G2_0,AO_P_TeaFork,TRUE,Enemy,0,3,Random1,-99999,SFX_Ability_TeaforkShoot_knife_throw_01,VFX_Hit_Air_Light_TeaForkShoot_0,SFX_Hit_TeaForkShoot_Puzzle_Game_Accent_Boing_03,-99999,Default,0,0,[Freeze;Damage;None;None;None],[1;1.2;0;0;0],[-99999;-99999;-99999;-99999;-99999]
AblEff_P_TeaForkShootFreeze_G3_0,AO_P_TeaFork,TRUE,Enemy,0,3,Random1,-99999,SFX_Ability_TeaforkShoot_knife_throw_01,VFX_Hit_Air_Light_TeaForkShoot_0,SFX_Hit_TeaForkShoot_Puzzle_Game_Accent_Boing_03,-99999,Default,0,0,[Freeze;Damage;None;None;None],[1;1.2;0;0;0],[-99999;-99999;-99999;-99999;-99999]
AblEff_P_TeaForkShootPlus_G2_0,AO_P_TeaFork,TRUE,Enemy,0,3,Random1,-99999,SFX_Ability_TeaforkShoot_knife_throw_01,VFX_Hit_Air_Light_TeaForkShoot_0,SFX_Hit_TeaForkShoot_Puzzle_Game_Accent_Boing_03,-99999,Default,0,0,[Damage;None;None;None;None],[1.2;0;0;0;0],[-99999;-99999;-99999;-99999;-99999]
AblEff_P_TeaForkShootPlus_G3_0,AO_P_TeaFork,TRUE,Enemy,0,3,Random1,-99999,SFX_Ability_TeaforkShoot_knife_throw_01,VFX_Hit_Air_Light_TeaForkShoot_0,SFX_Hit_TeaForkShoot_Puzzle_Game_Accent_Boing_03,-99999,Default,0,0,[Damage;None;None;None;None],[1.2;0;0;0;0],[-99999;-99999;-99999;-99999;-99999]
AblEff_P_TeaForkDrop_G1_0,AO_P_TeaForkDrop,TRUE,Enemy,0,4,Random1,VFX_Action_TeaForkDrop_0,SFX_Ability_TeaforkShoot_knife_throw_01,VFX_Hit_Air_Light_TeaForkDrop_0,SFX_Hit_TeaForkDrop_Explainer_Video_UI_Button_Funny_1_Spring_Boing_Bow,-99999,Default,0,0,[Damage;None;None;None;None],[1.2;0;0;0;0],[-99999;-99999;-99999;-99999;-99999]
AblEff_P_TeaForkDropMeat_G2_0,AO_P_TeaForkDrop,TRUE,Enemy,0,4,Random1,VFX_Action_TeaForkDrop_0,SFX_Ability_TeaforkShoot_knife_throw_01,VFX_Hit_Air_Light_TeaForkDrop_0,SFX_Hit_TeaForkDrop_Explainer_Video_UI_Button_Funny_1_Spring_Boing_Bow,-99999,Default,0,0,[Damage;None;None;None;None],[1.2;0;0;0;0],[-99999;-99999;-99999;-99999;-99999]
AblEff_P_TeaForkDropMeat_G2_1,-99999,FALSE,Self,0,0,Closest1,-99999,-99999,-99999,-99999,-99999,-99999,0,0,[Meat;None;None;None;None],[2;0;0;0;0],[-99999;-99999;-99999;-99999;-99999]
AblEff_P_TeaForkDropMeat_G3_0,AO_P_TeaForkDrop,TRUE,Enemy,0,4,Random1,VFX_Action_TeaForkDrop_0,SFX_Ability_TeaforkShoot_knife_throw_01,VFX_Hit_Air_Light_TeaForkDrop_0,SFX_Hit_TeaForkDrop_Explainer_Video_UI_Button_Funny_1_Spring_Boing_Bow,-99999,Default,0,0,[Damage;None;None;None;None],[1.2;0;0;0;0],[-99999;-99999;-99999;-99999;-99999]
AblEff_P_TeaForkDropMeat_G3_1,-99999,FALSE,Self,0,0,Closest1,-99999,-99999,-99999,-99999,-99999,-99999,0,0,[Meat;None;None;None;None],[3;0;0;0;0],[-99999;-99999;-99999;-99999;-99999]
AblEff_P_TeaForkDropStickyJam_G2_0,AO_P_TeaForkDrop,TRUE,Enemy,0,4,Random1,VFX_Action_TeaForkDrop_0,SFX_Ability_TeaforkShoot_knife_throw_01,VFX_Hit_Air_Light_TeaForkDrop_0,SFX_Hit_TeaForkDrop_Explainer_Video_UI_Button_Funny_1_Spring_Boing_Bow,-99999,Default,0,0,[Damage;StickyJam;None;None;None],[1.2;1;0;0;0],[-99999;-99999;-99999;-99999;-99999]
AblEff_P_TeaForkDropStickyJam_G3_0,AO_P_TeaForkDrop,TRUE,Enemy,0,4,Random1,VFX_Action_TeaForkDrop_0,SFX_Ability_TeaforkShoot_knife_throw_01,VFX_Hit_Air_Light_TeaForkDrop_0,SFX_Hit_TeaForkDrop_Explainer_Video_UI_Button_Funny_1_Spring_Boing_Bow,-99999,Default,0,0,[Damage;StickyJam;None;None;None],[1.2;1;0;0;0],[-99999;-99999;-99999;-99999;-99999]
AblEff_P_TeaForkDropMintCandy_G2_0,AO_P_TeaForkDrop,TRUE,Enemy,0,4,Random1,VFX_Action_TeaForkDrop_0,SFX_Ability_TeaforkShoot_knife_throw_01,VFX_Hit_Air_Light_TeaForkDrop_0,SFX_Hit_TeaForkDrop_Explainer_Video_UI_Button_Funny_1_Spring_Boing_Bow,-99999,Default,0,0,[Damage;None;None;None;None],[1.2;0;0;0;0],[-99999;-99999;-99999;-99999;-99999]
AblEff_P_TeaForkDropMintCandy_G2_1,-99999,FALSE,Self,0,0,Closest1,-99999,-99999,-99999,-99999,-99999,-99999,0,0,[MintCandy;None;None;None;None],[2;0;0;0;0],[-99999;-99999;-99999;-99999;-99999]
AblEff_P_TeaForkDropMintCandy_G3_0,AO_P_TeaForkDrop,TRUE,Enemy,0,4,Random1,VFX_Action_TeaForkDrop_0,SFX_Ability_TeaforkShoot_knife_throw_01,VFX_Hit_Air_Light_TeaForkDrop_0,SFX_Hit_TeaForkDrop_Explainer_Video_UI_Button_Funny_1_Spring_Boing_Bow,-99999,Default,0,0,[Damage;None;None;None;None],[1.2;0;0;0;0],[-99999;-99999;-99999;-99999;-99999]
AblEff_P_TeaForkDropMintCandy_G3_1,-99999,FALSE,Self,0,0,Closest1,-99999,-99999,-99999,-99999,-99999,-99999,0,0,[MintCandy;None;None;None;None],[3;0;0;0;0],[-99999;-99999;-99999;-99999;-99999]
AblEff_P_TeaForkDropPlus_G2_0,AO_P_TeaForkDrop,TRUE,Enemy,0,4,Random1,VFX_Action_TeaForkDrop_0,SFX_Ability_TeaforkShoot_knife_throw_01,VFX_Hit_Air_Light_TeaForkDrop_0,SFX_Hit_TeaForkDrop_Explainer_Video_UI_Button_Funny_1_Spring_Boing_Bow,-99999,Default,0,0,[Damage;None;None;None;None],[1.5;0;0;0;0],[-99999;-99999;-99999;-99999;-99999]
AblEff_P_TeaForkDropPlus_G3_0,AO_P_TeaForkDrop,TRUE,Enemy,0,4,Random1,VFX_Action_TeaForkDrop_0,SFX_Ability_TeaforkShoot_knife_throw_01,VFX_Hit_Air_Light_TeaForkDrop_0,SFX_Hit_TeaForkDrop_Explainer_Video_UI_Button_Funny_1_Spring_Boing_Bow,-99999,Default,0,0,[Damage;None;None;None;None],[1.5;0;0;0;0],[-99999;-99999;-99999;-99999;-99999]
AblEff_P_JamBottle_G1_0,AO_P_JamBottle,TRUE,Enemy,0,2,All,-99999,SFX_Ability_BottleThrow_Knife_Throw_Swoosh,VFX_Hit_Ground_Light_0,SFX_Hit_Bottle_Glass_Shatter_1,-99999,Ground,0,0,[Damage;StickyJam;None;None;None],[1.5;1;0;0;0],[-99999;-99999;-99999;-99999;-99999]
AblEff_P_JamBottle_G2_0,AO_P_JamBottle,TRUE,Enemy,0,3,All,-99999,SFX_Ability_BottleThrow_Knife_Throw_Swoosh,VFX_Hit_Ground_Light_0,SFX_Hit_Bottle_Glass_Shatter_1,-99999,Ground,0,0,[Damage;StickyJam;None;None;None],[1.5;1;0;0;0],[-99999;-99999;-99999;-99999;-99999]
AblEff_P_JamBottle_G3_0,AO_P_JamBottle,TRUE,Enemy,0,4,All,-99999,SFX_Ability_BottleThrow_Knife_Throw_Swoosh,VFX_Hit_Ground_Light_0,SFX_Hit_Bottle_Glass_Shatter_1,-99999,Ground,0,0,[Damage;StickyJam;None;None;None],[1.5;1;0;0;0],[-99999;-99999;-99999;-99999;-99999]
AblEff_P_JamBottleCoconutShield_G2_0,AO_P_JamBottle,TRUE,Enemy,0,2,All,-99999,SFX_Ability_BottleThrow_Knife_Throw_Swoosh,VFX_Hit_Ground_Light_0,SFX_Hit_Bottle_Glass_Shatter_1,-99999,Ground,0,0,[Damage;StickyJam;None;None;None],[1.5;1;0;0;0],[-99999;-99999;-99999;-99999;-99999]
AblEff_P_JamBottleCoconutShield_G2_1,-99999,FALSE,Self,0,0,Closest1,-99999,-99999,-99999,-99999,-99999,-99999,0,0,[Shield;None;None;None;None],[1;0;0;0;0],[-99999;-99999;-99999;-99999;-99999]
AblEff_P_JamBottleCoconutShield_G3_0,AO_P_JamBottle,TRUE,Enemy,0,3,All,-99999,SFX_Ability_BottleThrow_Knife_Throw_Swoosh,VFX_Hit_Ground_Light_0,SFX_Hit_Bottle_Glass_Shatter_1,-99999,Ground,0,0,[Damage;StickyJam;None;None;None],[1.5;1;0;0;0],[-99999;-99999;-99999;-99999;-99999]
AblEff_P_JamBottleCoconutShield_G3_1,-99999,FALSE,Self,0,0,Closest1,-99999,-99999,-99999,-99999,-99999,-99999,0,0,[Shield;None;None;None;None],[1;0;0;0;0],[-99999;-99999;-99999;-99999;-99999]
AblEff_P_FireBottle_G1_0,AO_P_FireBottle,TRUE,Enemy,0,2,All,-99999,SFX_Ability_BottleThrow_Knife_Throw_Swoosh,VFX_Hit_Ground_Light_0,SFX_Hit_Bottle_Glass_Shatter_1,-99999,Ground,0,0,[Damage;BurningOil;None;None;None],[1.5;1;0;0;0],[-99999;-99999;-99999;-99999;-99999]
AblEff_P_FireBottle_G2_0,AO_P_FireBottle,TRUE,Enemy,0,3,All,-99999,SFX_Ability_BottleThrow_Knife_Throw_Swoosh,VFX_Hit_Ground_Light_0,SFX_Hit_Bottle_Glass_Shatter_1,-99999,Ground,0,0,[Damage;BurningOil;None;None;None],[1.5;1;0;0;0],[-99999;-99999;-99999;-99999;-99999]
AblEff_P_FireBottle_G3_0,AO_P_FireBottle,TRUE,Enemy,0,4,All,-99999,SFX_Ability_BottleThrow_Knife_Throw_Swoosh,VFX_Hit_Ground_Light_0,SFX_Hit_Bottle_Glass_Shatter_1,-99999,Ground,0,0,[Damage;BurningOil;None;None;None],[1.5;1;0;0;0],[-99999;-99999;-99999;-99999;-99999]
AblEff_P_FireBottlePlus_G2_0,AO_P_FireBottle,TRUE,Enemy,0,1,All,-99999,SFX_Ability_BottleThrow_Knife_Throw_Swoosh,VFX_Hit_Ground_Light_0,SFX_Hit_Bottle_Glass_Shatter_1,-99999,Ground,0,0,[Damage;BurningOil;None;None;None],[1.5;1;0;0;0],[-99999;-99999;-99999;-99999;-99999]
AblEff_P_FireBottlePlus_G3_0,AO_P_FireBottle,TRUE,Enemy,0,2,All,-99999,SFX_Ability_BottleThrow_Knife_Throw_Swoosh,VFX_Hit_Ground_Light_0,SFX_Hit_Bottle_Glass_Shatter_1,-99999,Ground,0,0,[Damage;BurningOil;None;None;None],[1.5;1;0;0;0],[-99999;-99999;-99999;-99999;-99999]
AblEff_P_IceBottle_G1_0,AO_P_IceBottle,TRUE,Enemy,0,2,All,-99999,SFX_Ability_BottleThrow_Knife_Throw_Swoosh,VFX_Hit_Ground_Light_0,SFX_Hit_Bottle_Glass_Shatter_1,-99999,Ground,0,0,[Freeze;Damage;None;None;None],[1;1.5;0;0;0],[-99999;-99999;-99999;-99999;-99999]
AblEff_P_IceBottle_G2_0,AO_P_IceBottle,TRUE,Enemy,0,3,All,-99999,SFX_Ability_BottleThrow_Knife_Throw_Swoosh,VFX_Hit_Ground_Light_0,SFX_Hit_Bottle_Glass_Shatter_1,-99999,Ground,0,0,[Freeze;Damage;None;None;None],[1;1.5;0;0;0],[-99999;-99999;-99999;-99999;-99999]
AblEff_P_IceBottle_G3_0,AO_P_IceBottle,TRUE,Enemy,0,4,All,-99999,SFX_Ability_BottleThrow_Knife_Throw_Swoosh,VFX_Hit_Ground_Light_0,SFX_Hit_Bottle_Glass_Shatter_1,-99999,Ground,0,0,[Freeze;Damage;None;None;None],[1;1.5;0;0;0],[-99999;-99999;-99999;-99999;-99999]
AblEff_P_IceBottleEnergyDrink_G2_0,AO_P_IceBottle,TRUE,Enemy,0,2,All,-99999,SFX_Ability_BottleThrow_Knife_Throw_Swoosh,VFX_Hit_Ground_Light_0,SFX_Hit_Bottle_Glass_Shatter_1,-99999,Ground,0,0,[Freeze;Damage;None;None;None],[1;1.5;0;0;0],[-99999;-99999;-99999;-99999;-99999]
AblEff_P_IceBottleEnergyDrink_G2_1,-99999,FALSE,Self,0,0,Closest1,-99999,-99999,-99999,-99999,-99999,-99999,0,0,[Shield;None;None;None;None],[1;0;0;0;0],[-99999;-99999;-99999;-99999;-99999]
AblEff_P_IceBottleEnergyDrink_G3_0,AO_P_IceBottle,TRUE,Enemy,0,3,All,-99999,SFX_Ability_BottleThrow_Knife_Throw_Swoosh,VFX_Hit_Ground_Light_0,SFX_Hit_Bottle_Glass_Shatter_1,-99999,Ground,0,0,[Freeze;Damage;None;None;None],[1;1.5;0;0;0],[-99999;-99999;-99999;-99999;-99999]
AblEff_P_IceBottleEnergyDrink_G3_1,-99999,FALSE,Self,0,0,Closest1,-99999,-99999,-99999,-99999,-99999,,0,0,[Shield;None;None;None;None],[1;0;0;0;0],[-99999;-99999;-99999;-99999;-99999]
AblEff_P_BombChili_G1_0,-99999,FALSE,Self,0,0,All,-99999,SFX_Ability_EatFood_Game_Eat_or_Crunch,-99999,-99999,-99999,,0,0,[BombChili;None;None;None;None],[3;0;0;0;0],[-99999;-99999;-99999;-99999;-99999]
AblEff_P_BombChili_G2_0,-99999,FALSE,Self,0,0,All,-99999,SFX_Ability_EatFood_Game_Eat_or_Crunch,-99999,-99999,-99999,,0,0,[BombChili;None;None;None;None],[4;0;0;0;0],[-99999;-99999;-99999;-99999;-99999]
AblEff_P_BombChili_G3_0,-99999,FALSE,Self,0,0,All,-99999,SFX_Ability_EatFood_Game_Eat_or_Crunch,-99999,-99999,-99999,,0,0,[BombChili;None;None;None;None],[5;0;0;0;0],[-99999;-99999;-99999;-99999;-99999]
AblEff_P_BombChiliEnergyDrink_G2_0,-99999,FALSE,Self,0,0,All,-99999,SFX_Ability_EatFood_Game_Eat_or_Crunch,-99999,-99999,-99999,,0,0,[BombChili;EnergyDrink;None;None;None],[3;1;0;0;0],[-99999;-99999;-99999;-99999;-99999]
AblEff_P_BombChiliEnergyDrink_G3_0,-99999,FALSE,Self,0,0,All,-99999,SFX_Ability_EatFood_Game_Eat_or_Crunch,-99999,-99999,-99999,,0,0,[BombChili;EnergyDrink;None;None;None],[3;2;0;0;0],[-99999;-99999;-99999;-99999;-99999]
AblEff_P_EnergyDrink_G1_0,-99999,FALSE,Self,0,0,All,-99999,SFX_Ability_EatFood_Game_Eat_or_Crunch,-99999,-99999,-99999,,0,0,[EnergyDrink;None;None;None;None],[3;0;0;0;0],[-99999;-99999;-99999;-99999;-99999]
AblEff_P_EnergyDrink_G2_0,-99999,FALSE,Self,0,0,All,-99999,SFX_Ability_EatFood_Game_Eat_or_Crunch,-99999,-99999,-99999,,0,0,[EnergyDrink;None;None;None;None],[4;0;0;0;0],[-99999;-99999;-99999;-99999;-99999]
AblEff_P_EnergyDrink_G3_0,-99999,FALSE,Self,0,0,All,-99999,SFX_Ability_EatFood_Game_Eat_or_Crunch,-99999,-99999,-99999,,0,0,[EnergyDrink;None;None;None;None],[5;0;0;0;0],[-99999;-99999;-99999;-99999;-99999]
AblEff_P_EnergyDrinkMintCandy_G2_0,-99999,FALSE,Self,0,0,All,-99999,SFX_Ability_EatFood_Game_Eat_or_Crunch,-99999,-99999,-99999,,0,0,[EnergyDrink;MintCandy;None;None;None],[3;1;0;0;0],[-99999;-99999;-99999;-99999;-99999]
AblEff_P_EnergyDrinkMintCandy_G3_0,-99999,FALSE,Self,0,0,All,-99999,SFX_Ability_EatFood_Game_Eat_or_Crunch,-99999,-99999,-99999,,0,0,[EnergyDrink;MintCandy;None;None;None],[3;2;0;0;0],[-99999;-99999;-99999;-99999;-99999]
AblEff_P_CoconutShield_G1_0,-99999,FALSE,Self,0,0,All,-99999,SFX_Ability_EatFood_Game_Eat_or_Crunch,-99999,-99999,-99999,,0,0,[Shield;None;None;None;None],[3;0;0;0;0],[-99999;-99999;-99999;-99999;-99999]
AblEff_P_CoconutShield_G2_0,-99999,FALSE,Self,0,0,All,-99999,SFX_Ability_EatFood_Game_Eat_or_Crunch,-99999,-99999,-99999,,0,0,[Shield;None;None;None;None],[4;0;0;0;0],[-99999;-99999;-99999;-99999;-99999]
AblEff_P_CoconutShield_G3_0,-99999,FALSE,Self,0,0,All,-99999,SFX_Ability_EatFood_Game_Eat_or_Crunch,-99999,-99999,-99999,,0,0,[Shield;None;None;None;None],[5;0;0;0;0],[-99999;-99999;-99999;-99999;-99999]
AblEff_P_CoconutBombChili_G2_0,-99999,FALSE,Self,0,0,All,-99999,SFX_Ability_EatFood_Game_Eat_or_Crunch,-99999,-99999,-99999,,0,0,[Shield;BombChili;None;None;None],[3;1;0;0;0],[-99999;-99999;-99999;-99999;-99999]
AblEff_P_CoconutBombChili_G3_0,-99999,FALSE,Self,0,0,All,-99999,SFX_Ability_EatFood_Game_Eat_or_Crunch,-99999,-99999,-99999,,0,0,[Shield;BombChili;None;None;None],[3;2;0;0;0],[-99999;-99999;-99999;-99999;-99999]
AblEff_P_Meat_G1_0,-99999,FALSE,Self,0,0,All,-99999,SFX_Ability_EatFood_Game_Eat_or_Crunch,-99999,-99999,-99999,,0,0,[Meat;None;None;None;None],[3;0;0;0;0],[-99999;-99999;-99999;-99999;-99999]
AblEff_P_Meat_G2_0,-99999,FALSE,Self,0,0,All,-99999,SFX_Ability_EatFood_Game_Eat_or_Crunch,-99999,-99999,-99999,,0,0,[Meat;None;None;None;None],[4;0;0;0;0],[-99999;-99999;-99999;-99999;-99999]
AblEff_P_Meat_G3_0,-99999,FALSE,Self,0,0,All,-99999,SFX_Ability_EatFood_Game_Eat_or_Crunch,-99999,-99999,-99999,,0,0,[Meat;None;None;None;None],[5;0;0;0;0],[-99999;-99999;-99999;-99999;-99999]
AblEff_P_MeatCoconutShield_G2_0,-99999,FALSE,Self,0,0,All,-99999,SFX_Ability_EatFood_Game_Eat_or_Crunch,-99999,-99999,-99999,,0,0,[Meat;Shield;None;None;None],[3;1;0;0;0],[-99999;-99999;-99999;-99999;-99999]
AblEff_P_MeatCoconutShield_G3_0,-99999,FALSE,Self,0,0,All,-99999,SFX_Ability_EatFood_Game_Eat_or_Crunch,-99999,-99999,-99999,,0,0,[Meat;Shield;None;None;None],[3;2;0;0;0],[-99999;-99999;-99999;-99999;-99999]
AblEff_P_MintCandy_G1_0,-99999,FALSE,Self,0,0,All,-99999,SFX_Ability_EatFood_Game_Eat_or_Crunch,-99999,-99999,-99999,,0,0,[MintCandy;None;None;None;None],[3;0;0;0;0],[-99999;-99999;-99999;-99999;-99999]
AblEff_P_MintCandy_G2_0,-99999,FALSE,Self,0,0,All,-99999,SFX_Ability_EatFood_Game_Eat_or_Crunch,-99999,-99999,-99999,,0,0,[MintCandy;None;None;None;None],[4;0;0;0;0],[-99999;-99999;-99999;-99999;-99999]
AblEff_P_MintCandy_G3_0,-99999,FALSE,Self,0,0,All,-99999,SFX_Ability_EatFood_Game_Eat_or_Crunch,-99999,-99999,-99999,,0,0,[MintCandy;None;None;None;None],[5;0;0;0;0],[-99999;-99999;-99999;-99999;-99999]
AblEff_P_MintCandyMeat_G2_0,-99999,FALSE,Self,0,0,All,-99999,SFX_Ability_EatFood_Game_Eat_or_Crunch,-99999,-99999,-99999,,0,0,[MintCandy;Meat;None;None;None],[3;1;0;0;0],[-99999;-99999;-99999;-99999;-99999]
AblEff_P_MintCandyMeat_G3_0,-99999,FALSE,Self,0,0,All,-99999,SFX_Ability_EatFood_Game_Eat_or_Crunch,-99999,-99999,-99999,,0,0,[MintCandy;Meat;None;None;None],[3;2;0;0;0],[-99999;-99999;-99999;-99999;-99999]
AblEff_P_SnackSet_G3_0,-99999,FALSE,Self,0,0,All,-99999,SFX_Ability_EatFood_Game_Eat_or_Crunch,-99999,-99999,-99999,,0,0,[BombChili;Shield;EnergyDrink;Meat;MintCandy],[1;1;1;1;1],[-99999;-99999;-99999;-99999;-99999]
