id,spawnPointId,destinationPointId,fireType,speedType,speedRandomMin,speedRandomMax,onLookat,delayRandomMin,delayRandomMax,scale
AO_P_JamBottle,Default,Default,Howitzer,Time,0.6,0.75,FALSE,0,0,1
AO_P_FireBottle,Default,Default,Howitzer,Time,0.6,0.75,FALSE,0,0,1
AO_P_IceBottle,Default,Default,Howitzer,Time,0.6,0.75,FALSE,0,0,1
AO_P_TeaFork,TeaForkShoot,Default,Normal,Speed,27,30,TRUE,0,0,1
AO_P_TeaForkDrop,DropFromSeat,Default,Drop,Time,0.36,0.4,TRUE,0.4,0.45,1
AO_P_KettleDrop,DropFromSeat,Default,Drop,Time,0.45,0.5,TRUE,0,0.05,1
AO_E_FriedRice_01,Default,Default,Howitzer,Speed,27,30,FALSE,0,0,1
AO_E_FriedRice_02,Default,Default,Howitzer,Speed,27,30,FALSE,0,0,1
AO_E_FriedRice_Boss_01,Default,Default,Howitzer,Speed,27,30,FALSE,0,0,1
