abilityId,choiceType,weight
Abl_P_LeapAttack_G1,Ability,[9334;6000;3360;2567;1867]
Abl_P_LeapAttackWide_G2,Ability,[400;600;630;674;700]
Abl_P_LeapAttackWide_G3,Ability,[100;150;210;289;350]
Abl_P_LeapAttackChili_G2,Ability,[400;600;630;674;700]
Abl_P_LeapAttackChili_G3,Ability,[100;150;210;289;350]
Abl_P_LeapAttackBurningOil_G2,Ability,[400;600;630;674;700]
Abl_P_LeapAttackBurningOil_G3,Ability,[100;150;210;289;350]
Abl_P_Swing_G1,Ability,[9334;6000;3360;2567;1867]
Abl_P_SwingFreeze_G2,Ability,[400;600;630;674;700]
Abl_P_SwingFreeze_G3,Ability,[100;150;210;289;350]
Abl_P_SwingShield_G2,Ability,[400;600;630;674;700]
Abl_P_SwingShield_G3,Ability,[100;150;210;289;350]
Abl_P_PowerSlam_G1,Ability,[9334;6000;3360;2567;1867]
Abl_P_PowerSlamBurningOil_G2,Ability,[400;600;630;674;700]
Abl_P_PowerSlamBurningOil_G3,Ability,[100;150;210;289;350]
Abl_PowerSlamCoconutShield_G2,Ability,[400;600;630;674;700]
Abl_PowerSlamCoconutShield_G3,Ability,[100;150;210;289;350]
Abl_PowerSlamWide_G2,Ability,[400;600;630;674;700]
Abl_PowerSlamWide_G3,Ability,[100;150;210;289;350]
Abl_P_TeaForkShoot_G1,Ability,[14000;9000;5040;3850;2800]
Abl_P_TeaForkShootEnergyDrink_G2,Ability,[458;686;720;770;800]
Abl_P_TeaForkShootEnergyDrink_G3,Ability,[115;172;240;330;400]
Abl_P_TeaForkShootFreeze_G2,Ability,[458;686;720;770;800]
Abl_P_TeaForkShootFreeze_G3,Ability,[115;172;240;330;400]
Abl_P_TeaForkShootPlus_G2,Ability,[458;686;720;770;800]
Abl_P_TeaForkShootPlus_G3,Ability,[115;172;240;330;400]
Abl_P_TeaForkDrop_G1,Ability,[14000;9000;5040;3850;2800]
Abl_P_TeaForkDropMeat_G2,Ability,[458;686;720;770;800]
Abl_P_TeaForkDropMeat_G3,Ability,[115;172;240;330;400]
Abl_P_TeaForkDropStickyJam_G2,Ability,[458;686;720;770;800]
Abl_P_TeaForkDropStickyJam_G3,Ability,[115;172;240;330;400]
Abl_P_TeaForkDropMintCandy_G2,Ability,[458;686;720;770;800]
Abl_P_TeaForkDropMintCandy_G3,Ability,[115;172;240;330;400]
Abl_P_TeaForkDropPlus_G2,Ability,[458;686;720;770;800]
Abl_P_TeaForkDropPlus_G3,Ability,[115;172;240;330;400]
Abl_P_JamBottle_G1,Ability,[9334;6000;3360;2567;1867]
Abl_P_JamBottle_G2,Ability,[534;800;840;899;934]
Abl_P_JamBottle_G3,Ability,[134;200;280;385;467]
Abl_P_JamBottleCoconutShield_G2,Ability,[534;800;840;899;934]
Abl_P_JamBottleCoconutShield_G3,Ability,[134;200;280;385;467]
Abl_P_FireBottle_G1,Ability,[9334;6000;3360;2567;1867]
Abl_P_FireBottle_G2,Ability,[534;800;840;899;934]
Abl_P_FireBottle_G3,Ability,[134;200;280;385;467]
Abl_P_FireBottlePlus_G2,Ability,[534;800;840;899;934]
Abl_P_FireBottlePlus_G3,Ability,[134;200;280;385;467]
Abl_P_IceBottle_G1,Ability,[9334;6000;3360;2567;1867]
Abl_P_IceBottle_G2,Ability,[534;800;840;899;934]
Abl_P_IceBottle_G3,Ability,[134;200;280;385;467]
Abl_P_IceBottleEnergyDrink_G2,Ability,[534;800;840;899;934]
Abl_P_IceBottleEnergyDrink_G3,Ability,[134;200;280;385;467]
Abl_P_BombChili_G1,Ability,[700;1200;1152;880;640]
Abl_P_BombChili_G2,Ability,[40;160;288;308;320]
Abl_P_BombChili_G3,Ability,[10;37;88;120;146]
Abl_P_BombChiliEnergyDrink_G2,Ability,[40;160;288;308;320]
Abl_P_BombChiliEnergyDrink_G3,Ability,[10;37;88;120;146]
Abl_P_EnergyDrink_G1,Ability,[700;1200;1152;880;640]
Abl_P_EnergyDrink_G2,Ability,[40;160;288;308;320]
Abl_P_EnergyDrink_G3,Ability,[10;37;88;120;146]
Abl_P_EnergyDrinkMintCandy_G2,Ability,[40;160;288;308;320]
Abl_P_EnergyDrinkMintCandy_G3,Ability,[10;37;88;120;146]
Abl_P_CoconutShield_G1,Ability,[700;1200;1152;880;640]
Abl_P_CoconutShield_G2,Ability,[40;160;288;308;320]
Abl_P_CoconutShield_G3,Ability,[10;37;88;120;146]
Abl_P_CoconutBombChili_G2,Ability,[40;160;288;308;320]
Abl_P_CoconutBombChili_G3,Ability,[10;37;88;120;146]
Abl_P_Meat_G1,Ability,[700;1200;1152;880;640]
Abl_P_Meat_G2,Ability,[40;160;288;308;320]
Abl_P_Meat_G3,Ability,[10;37;88;120;146]
Abl_P_MeatCoconutShield_G2,Ability,[40;160;288;308;320]
Abl_P_MeatCoconutShield_G3,Ability,[10;37;88;120;146]
Abl_P_MintCandy_G1,Ability,[700;1200;1152;880;640]
Abl_P_MintCandy_G2,Ability,[40;160;288;308;320]
Abl_P_MintCandy_G3,Ability,[10;37;88;120;146]
Abl_P_MintCandyMeat_G2,Ability,[40;160;288;308;320]
Abl_P_MintCandyMeat_G3,Ability,[10;37;88;120;146]
Abl_P_SnackSet_G3,Ability,[10;37;88;120;146]
Passive_P_MainWeaponEnhance_G1,Passive,[0;750;1200;1125;1000]
Passive_P_MainWeaponEnhance_G2,Passive,[0;160;480;630;800]
Passive_P_MainWeaponBottleEnhance_G3,Passive,[0;53;211;356;527]
Passive_P_MainWeaponBombChili_G1,Passive,[0;750;1200;1125;1000]
Passive_P_MainWeaponBombChili_G3,Passive,[0;53;211;356;527]
Passive_P_MainWeaponKnife_G1,Passive,[0;750;1200;1125;1000]
Passive_P_MainWeaponKnife_G2,Passive,[0;160;480;630;800]
Passive_P_MainWeaponBoots_G1,Passive,[0;750;1200;1125;1000]
Passive_P_MainWeaponBoots_G2,Passive,[0;160;480;630;800]
Passive_P_MainWeaponBurningOil_G1,Passive,[0;750;1200;1125;1000]
Passive_P_MainWeaponBurningOil_G3,Passive,[0;53;211;356;527]
Passive_P_TeaForkEnhance_G1,Passive,[0;750;1200;1125;1000]
Passive_P_TeaForkEnhance_G2,Passive,[0;160;480;630;800]
Passive_P_TeaForkMainWeapon_G3,Passive,[0;53;211;356;527]
Passive_P_TeaForkPepperShaker_G1,Passive,[0;750;1200;1125;1000]
Passive_P_TeaForkPepperShaker_G2,Passive,[0;160;480;630;800]
Passive_P_TeaForkTomato_G1,Passive,[0;750;1200;1125;1000]
Passive_P_TeaForkTomato_G2,Passive,[0;160;480;630;800]
Passive_P_TeaForkKettle_G1,Passive,[0;750;1200;1125;1000]
Passive_P_TeaForkKettle_G3,Passive,[0;53;211;356;527]
Passive_P_TeaForkFreeze_G1,Passive,[0;750;1200;1125;1000]
Passive_P_TeaForkFreeze_G3,Passive,[0;53;211;356;527]
Passive_P_BottleEnhance_G1,Passive,[0;750;1200;1125;1000]
Passive_P_BottleEnhance_G2,Passive,[0;160;480;630;800]
Passive_P_BottleTeaForkEnhance_G3,Passive,[0;53;211;356;527]
Passive_P_BottleCookingTimer_G1,Passive,[0;750;1200;1125;1000]
Passive_P_BottleCookingTimer_G2,Passive,[0;160;480;630;800]
Passive_P_BottleCookingHat_G1,Passive,[0;750;1200;1125;1000]
Passive_P_BottleCookingHat_G2,Passive,[0;160;480;630;800]
Passive_P_BottleKettle_G1,Passive,[0;750;1200;1125;1000]
Passive_P_BottleKettle_G3,Passive,[0;53;211;356;527]
Passive_P_BottleStickyJam_G1,Passive,[0;750;1200;1125;1000]
Passive_P_BottleStickyJam_G3,Passive,[0;53;211;356;527]
Passive_P_FreezeBonus_G2,Passive,[0;160;480;630;800]
Passive_P_FreezeBonus_G3,Passive,[0;53;211;356;527]
Passive_P_FreezeKettle_G2,Passive,[0;160;480;630;800]
Passive_P_FreezeKettle_G3,Passive,[0;53;211;356;527]
Passive_P_BurningOilBonus_G2,Passive,[0;160;480;630;800]
Passive_P_BurningOilBonus_G3,Passive,[0;53;211;356;527]
Passive_P_BurningOilKettle_G2,Passive,[0;160;480;630;800]
Passive_P_BurningOilKettle_G3,Passive,[0;53;211;356;527]
Passive_P_StickyJamBonus_G2,Passive,[0;160;480;630;800]
Passive_P_StickyJamBonus_G3,Passive,[0;53;211;356;527]
Passive_P_StickyJamBurningOil_G2,Passive,[0;160;480;630;800]
Passive_P_StickyJamBurningOil_G3,Passive,[0;53;211;356;527]
Passive_P_KettleEnhance_G2,Passive,[0;160;480;630;800]
Passive_P_KettleEnhance_G3,Passive,[0;53;211;356;527]
Passive_P_KettleStickyJam_G2,Passive,[0;160;480;630;800]
Passive_P_KettleStickyJam_G3,Passive,[0;53;211;356;527]
Passive_P_KettleBonus_G2,Passive,[0;160;480;630;800]
Passive_P_KettleBonus_G3,Passive,[0;53;211;356;527]
Passive_P_BombChiliBonus_G2,Passive,[0;160;480;630;800]
Passive_P_BombChiliBonus_G3,Passive,[0;53;211;356;527]
Passive_P_BombChiliBurningOil_G2,Passive,[0;160;480;630;800]
Passive_P_BombChiliMintCandy_G1,Passive,[0;750;1200;1125;1000]
Passive_P_BombChiliMintCandy_G2,Passive,[0;160;480;630;800]
Passive_P_CoconutShieldEnergyDrink_G1,Passive,[0;750;1200;1125;1000]
Passive_P_CoconutShieldEnergyDrink_G2,Passive,[0;160;480;630;800]
Passive_P_EnergyDrinkMeat_G1,Passive,[0;750;1200;1125;1000]
Passive_P_EnergyDrinkMeat_G2,Passive,[0;160;480;630;800]
Passive_P_MeatBombChili_G1,Passive,[0;750;1200;1125;1000]
Passive_P_MeatBombChili_G2,Passive,[0;160;480;630;800]
Passive_P_MintCandyCoconutShield_G1,Passive,[0;750;1200;1125;1000]
Passive_P_MintCandyCoconutShield_G2,Passive,[0;160;480;630;800]
